{"accuracy": [0.026645265519618988, 0.03146067261695862, 0.053290531039237976, 0.0638844296336174, 0.06484751403331757, 0.0911717489361763, 0.10593900829553604, 0.15730337798595428, 0.1759229600429535, 0.20834670960903168, 0.25746387243270874, 0.31492775678634644, 0.3547351658344269, 0.40096306800842285, 0.4616372287273407, 0.4911717474460602, 0.5078651905059814, 0.5598716139793396, 0.5948635339736938, 0.5887640714645386, 0.6359550356864929, 0.6256821751594543, 0.6603531241416931, 0.6709470152854919, 0.6857143044471741, 0.6924558877944946, 0.7235954999923706, 0.7232744693756104, 0.7226324081420898, 0.7425361275672913, 0.7399678826332092, 0.7556982636451721], "loss": [7.067795753479004, 3.5807666778564453, 3.533273696899414, 3.3942036628723145, 3.306208372116089, 3.2092700004577637, 3.1472301483154297, 3.0192742347717285, 2.945136070251465, 2.788125991821289, 2.631091594696045, 2.3759031295776367, 2.237030267715454, 2.0675253868103027, 1.8772741556167603, 1.7597806453704834, 1.730811595916748, 1.509394884109497, 1.455739140510559, 1.449676513671875, 1.2618845701217651, 1.2968491315841675, 1.221562147140503, 1.1034797430038452, 1.096389651298523, 1.025549054145813, 0.9541501402854919, 0.9360488653182983, 0.9768583178520203, 0.894321858882904, 0.9151613116264343, 0.821557879447937], "val_accuracy": [0.03242375701665878, 0.03402889147400856, 0.06741572916507721, 0.09534510225057602, 0.10754413902759552, 0.15922953188419342, 0.19871589541435242, 0.22728732228279114, 0.2548956573009491, 0.28956660628318787, 0.40160512924194336, 0.4911717474460602, 0.5277688503265381, 0.5910112261772156, 0.5723916292190552, 0.6394863724708557, 0.6616372466087341, 0.6523274183273315, 0.7056179642677307, 0.6857143044471741, 0.7306581139564514, 0.7415730357170105, 0.7425361275672913, 0.7762439846992493, 0.7842696905136108, 0.7890850901603699, 0.7916532754898071, 0.779454231262207, 0.8128411173820496, 0.814446210861206, 0.7910112142562866, 0.8166934251785278], "val_loss": [3.581766366958618, 3.578782081604004, 3.4009311199188232, 3.367158889770508, 3.3121297359466553, 3.113511085510254, 2.9456050395965576, 2.848135232925415, 2.7134451866149902, 2.673201322555542, 2.318556070327759, 1.9587972164154053, 1.765690565109253, 1.5308855772018433, 1.5479228496551514, 1.3441178798675537, 1.2554607391357422, 1.267688274383545, 1.0611993074417114, 1.1589537858963013, 0.9586760401725769, 0.9599753618240356, 0.9120819568634033, 0.7965678572654724, 0.7682348489761353, 0.766086220741272, 0.7374153733253479, 0.7858744859695435, 0.6689268946647644, 0.6406270861625671, 0.727826714515686, 0.6064806580543518]}